3.594022709876298904e-04,-3.153267025481909513e-04,1.830840483307838440e-04
1.985857379622757435e-04,-8.537743269698694348e-05,2.457519876770675182e-04
1.784768246579915285e-04,-7.696085958741605282e-05,2.454534114804118872e-04
1.786018401617184281e-04,-8.394871838390827179e-05,2.510276681277900934e-04
3.254684561397880316e-04,-3.075126151088625193e-04,2.408884902251884341e-04
1.985561248147860169e-04,-8.538481779396533966e-05,2.460189571138471365e-04
1.040319402818568051e-04,2.047796806436963379e-05,2.049394970526918769e-04
1.772776013240218163e-04,-8.100366540020331740e-05,2.439880918245762587e-04
3.287353029008954763e-04,-3.174252633471041918e-04,2.427054860163480043e-04
1.434040314052253962e-04,-1.755520679580513388e-05,3.144375514239072800e-04
1.791280956240370870e-04,-8.368113776668906212e-05,2.440824173390865326e-04
1.784729392966255546e-04,-7.696316606597974896e-05,2.455131034366786480e-04
2.275226142955943942e-05,-1.879194314824417233e-05,4.168317536823451519e-05
1.641350681893527508e-04,-6.061598105588927865e-05,1.645153242861852050e-04
3.670270089060068130e-04,-3.265489649493247271e-04,1.784075575415045023e-04
1.768885413184762001e-04,-8.122651343001052737e-05,2.496962842997163534e-04
1.427695096936076880e-04,-1.752758907969109714e-05,3.110863326583057642e-04
1.454412558814510703e-04,9.588964167051017284e-05,7.163198897615075111e-04
1.065869510057382286e-04,1.911404979182407260e-05,2.049223840003833175e-04
2.378102653892710805e-04,-6.072710675653070211e-05,7.826660294085741043e-04
5.187749593460466713e-06,-2.556992512836586684e-05,-4.491806248552165926e-05
-5.915577639825642109e-05,-3.176653699483722448e-04,-1.142699271440505981e-03
1.875825837487354875e-04,-3.035039408132433891e-04,6.664026295766234398e-05
3.016198752447962761e-05,6.298323278315365314e-04,1.919957110658288002e-03
2.987030893564224243e-05,6.308213341981172562e-04,1.923036761581897736e-03
-5.982486618449911475e-05,-3.155446611344814301e-04,-1.140523701906204224e-03
1.877290778793394566e-04,-3.035345871467143297e-04,6.538025627378374338e-05
4.854997314396314323e-06,-2.449102794344071299e-05,-4.233134677633643150e-05
2.552221703808754683e-04,-1.649807527428492904e-04,2.088397741317749023e-04
2.238399611087515950e-04,-1.169092647614888847e-04,2.159134310204535723e-04
2.060479891952127218e-04,-9.245322871720418334e-05,2.238064334960654378e-04
1.978467189474031329e-04,-8.171609078999608755e-05,2.299470652360469103e-04
1.941282826010137796e-04,-7.697303954046219587e-05,2.343166415812447667e-04
1.926909753819927573e-04,-7.525470573455095291e-05,2.374105242779478431e-04
1.924842799780890346e-04,-7.518485654145479202e-05,2.395890769548714161e-04
1.929323479998856783e-04,-7.601059769513085485e-05,2.411491150269284844e-04
1.937053748406469822e-04,-7.729060598649084568e-05,2.422824472887441516e-04
1.946002157637849450e-04,-7.874398579588159919e-05,2.431210305076092482e-04
1.954945764737203717e-04,-8.019420056371018291e-05,2.437509247101843357e-04
1.963165268534794450e-04,-8.153349335771054029e-05,2.442323311697691679e-04
1.970270241145044565e-04,-8.270002581411972642e-05,2.446080325171351433e-04
1.976072962861508131e-04,-8.366301335627213120e-05,2.449114981573075056e-04
1.980525848921388388e-04,-8.441410318482667208e-05,2.451679029036313295e-04
1.983597176149487495e-04,-8.494672511005774140e-05,2.454029745422303677e-04
1.985331618925556540e-04,-8.526951569365337491e-05,2.456344373058527708e-04
1.775830314727500081e-04,-7.555764022981747985e-05,2.457357768435031176e-04
1.779517333488911390e-04,-7.612031913595274091e-05,2.456566435284912586e-04
1.782648614607751369e-04,-7.660318806301802397e-05,2.455862704664468765e-04
1.784648775355890393e-04,-7.691876817261800170e-05,2.455264038871973753e-04
1.785029598977416754e-04,-7.699221896473318338e-05,2.454762579873204231e-04
1.785125205060467124e-04,-7.700984133407473564e-05,2.454386849422007799e-04
1.786296925274655223e-04,-7.716906111454591155e-05,2.454180212225764990e-04
1.788250374374911189e-04,-7.744706090306863189e-05,2.454174100421369076e-04
1.791204558685421944e-04,-7.787090726196765900e-05,2.454385103192180395e-04
1.795406569726765156e-04,-7.847664528526365757e-05,2.454848727211356163e-04
1.801181060727685690e-04,-7.931335858302190900e-05,2.455600479152053595e-04
1.808874949347227812e-04,-8.043334673857316375e-05,2.456739603076130152e-04
1.818884193198755383e-04,-8.190420339815318584e-05,2.458366507198661566e-04
1.831662666518241167e-04,-8.378961501875892282e-05,2.460641262587159872e-04
1.847537496360018849e-04,-8.615040133008733392e-05,2.463735581841319799e-04
1.866226666606962681e-04,-8.897208317648619413e-05,2.467907324898988008e-04
1.886985992314293981e-04,-9.217003389494493604e-05,2.473421627655625343e-04
1.907605619635432959e-04,-9.542327461531385779e-05,2.480597468093037605e-04
1.924410171341150999e-04,-9.819131810218095779e-05,2.489465987309813499e-04
1.930754369823262095e-04,-9.942842734744772315e-05,2.499635156709700823e-04
1.921244256664067507e-04,-9.821901039686053991e-05,2.509056939743459225e-04
1.892436121124774218e-04,-9.391274215886369348e-05,2.514635561965405941e-04
1.800118334358558059e-04,-8.657097350805997849e-05,2.539429697208106518e-04
1.838367898017168045e-04,-9.347946615889668465e-05,2.583388122729957104e-04
1.904872042359784245e-04,-1.052237494150176644e-04,2.598732826299965382e-04
2.029928728006780148e-04,-1.272337249247357249e-04,2.566637122072279453e-04
2.238627057522535324e-04,-1.623435673536732793e-04,2.438716037431731820e-04
2.380409132456406951e-04,-1.640426926314830780e-04,2.589290961623191833e-04
2.137632254743948579e-04,-1.174664575955830514e-04,2.618204744067043066e-04
2.008644078159704804e-04,-9.332741319667547941e-05,2.601845480967313051e-04
1.949119468918070197e-04,-8.249675738625228405e-05,2.579670108389109373e-04
1.922313531395047903e-04,-7.761204324197024107e-05,2.561898727435618639e-04
1.913150481414049864e-04,-7.576945790788158774e-05,2.547442272771149874e-04
1.913968008011579514e-04,-7.559954974567517638e-05,2.535072271712124348e-04
1.920304202940315008e-04,-7.634424400748685002e-05,2.523831790313124657e-04
1.929424761328846216e-04,-7.755758997518569231e-05,2.513377694413065910e-04
1.939556823344901204e-04,-7.895554881542921066e-05,2.503667201381176710e-04
1.949571305885910988e-04,-8.035966311581432819e-05,2.494804502930492163e-04
1.958784268936142325e-04,-8.166087354766204953e-05,2.486902230884879827e-04
1.966800045920535922e-04,-8.279593021143227816e-05,2.480018592905253172e-04
1.973429607460275292e-04,-8.373316813958808780e-05,2.474148641340434551e-04
1.978631917154416442e-04,-8.446277934126555920e-05,2.469214377924799919e-04
1.982378307729959488e-04,-8.497746603097766638e-05,2.465126744937151670e-04
1.984732662094756961e-04,-8.528436592314392328e-05,2.461728581693023443e-04
2.212468389188870788e-04,-9.638144547352567315e-05,2.443879493512213230e-04
2.209903759649023414e-04,-9.597330790711566806e-05,2.444101264700293541e-04
2.209069934906437993e-04,-9.583050268702208996e-05,2.443808189127594233e-04
2.210081875091418624e-04,-9.597177995601668954e-05,2.443050616420805454e-04
2.212800318375229836e-04,-9.637850598664954305e-05,2.441900433041155338e-04
1.725854381220415235e-04,-2.455466528772376478e-05,3.165549132972955704e-04
2.798918285407125950e-04,-2.296581078553572297e-04,2.985589089803397655e-04
3.612125874496996403e-04,-2.444930141791701317e-04,1.384572824463248253e-04
1.654805528232827783e-04,-2.413742186035960913e-05,1.410286640748381615e-04
1.793265691958367825e-04,-8.378227357752621174e-05,2.423191035632044077e-04
1.846900122473016381e-04,-9.143276110989972949e-05,2.400321391178295016e-04
1.932756276801228523e-04,-1.046672841766849160e-04,2.390278532402589917e-04
2.076813398161903024e-04,-1.290237123612314463e-04,2.388888970017433167e-04
2.269238466396927834e-04,-1.672732760198414326e-04,2.416135102976113558e-04
3.180547500960528851e-04,-2.737332833930850029e-04,2.219595917267724872e-04
1.934968167915940285e-04,-7.816425932105630636e-05,2.551579382270574570e-04
1.921526272781193256e-04,-7.958830974530428648e-05,3.344040305819362402e-04
2.988604537677019835e-04,-2.651444519869983196e-04,2.558711275923997164e-04
1.680031709838658571e-04,-7.393028499791398644e-05,2.492140338290482759e-04
1.644525182200595737e-04,-6.852389196865260601e-05,2.468495513312518597e-04
1.629920734558254480e-04,-6.626504909945651889e-05,2.443864359520375729e-04
1.640373084228485823e-04,-6.764575664419680834e-05,2.427607978461310267e-04
1.671645586611703038e-04,-7.209717296063899994e-05,2.425222919555380940e-04
2.251965343020856380e-04,-1.623551361262798309e-04,2.394322509644553065e-04
2.071093767881393433e-04,-1.268246123800054193e-04,2.366754342801868916e-04
1.936848566401749849e-04,-1.045039534801617265e-04,2.370534202782437205e-04
1.858856994658708572e-04,-9.277282515540719032e-05,2.386577689321711659e-04
1.810189860407263041e-04,-8.611341763753443956e-05,2.418704098090529442e-04
1.898397895274683833e-04,-9.373881766805425286e-05,2.461717231199145317e-04
1.924591051647439599e-04,-9.813683573156595230e-05,2.482429554220288992e-04
1.930888829519972205e-04,-9.942513861460611224e-05,2.498583053238689899e-04
1.922229421325027943e-04,-9.824789594858884811e-05,2.507164608687162399e-04
1.904431410366669297e-04,-9.551830589771270752e-05,2.508543548174202442e-04
1.883726945379748940e-04,-9.227848204318434000e-05,2.504539443179965019e-04
1.863309589680284262e-04,-8.907654409995302558e-05,2.497829846106469631e-04
1.845170918386429548e-04,-8.624439215054735541e-05,2.490151964593678713e-04
1.829882967285811901e-04,-8.387216075789183378e-05,2.482752606738358736e-04
1.817554584704339504e-04,-8.197193528758361936e-05,2.476189110893756151e-04
1.807852531783282757e-04,-8.048464951571077108e-05,2.470691688358783722e-04
1.800433965399861336e-04,-7.935253961477428675e-05,2.466246078256517649e-04
1.794870622688904405e-04,-7.850601832615211606e-05,2.462763513904064894e-04
1.790828973753377795e-04,-7.789200753904879093e-05,2.460081595927476883e-04
1.787998626241460443e-04,-7.746161281829699874e-05,2.458076050970703363e-04
1.786142529454082251e-04,-7.717801054241135716e-05,2.456601650919765234e-04
1.785103522706776857e-04,-7.701673894189298153e-05,2.455561480019241571e-04
1.784959167707711458e-04,-7.699640991631895304e-05,2.455882204230874777e-04
1.784518826752901077e-04,-7.692637882428243756e-05,2.457308582961559296e-04
1.782481267582625151e-04,-7.661336712772026658e-05,2.458578383084386587e-04
1.779334706952795386e-04,-7.613185152877122164e-05,2.459624083712697029e-04
1.775653072400018573e-04,-7.556903437944129109e-05,2.460404939483851194e-04
3.140136686852201819e-05,-1.223970684804953635e-05,8.380250073969364166e-05
5.540192432818002999e-05,5.361445801099762321e-06,1.587268779985606670e-04
8.683548367116600275e-05,1.294532194151543081e-05,2.132358931703492999e-04
1.191025512525811791e-04,3.634677113950601779e-06,2.431733591947704554e-04
1.463953085476532578e-04,-1.653538311074953526e-05,2.559279091656208038e-04
1.670454221311956644e-04,-3.913343243766576052e-05,2.605151967145502567e-04
1.809732784749940038e-04,-5.809958020108751953e-05,2.618861617520451546e-04
1.898445480037480593e-04,-7.189891039161011577e-05,2.619572042021900415e-04
1.950058067450299859e-04,-8.070530748227611184e-05,2.617015561554580927e-04
1.975919294636696577e-04,-8.550779602956026793e-05,2.613460819702595472e-04
1.986804709304124117e-04,-8.783181692706421018e-05,2.610792871564626694e-04
1.990841556107625365e-04,-8.899234671844169497e-05,2.610157243907451630e-04
1.997602666961029172e-04,-9.066508209798485041e-05,2.612890966702252626e-04
2.017433725995942950e-04,-9.473237150814384222e-05,2.620673039928078651e-04
2.068027679342776537e-04,-1.046083780238404870e-04,2.634717384353280067e-04
2.187496575061231852e-04,-1.279556454392150044e-04,2.645216591190546751e-04
2.421239187242463231e-04,-1.739077706588432193e-04,2.612324315123260021e-04
1.869728293968364596e-04,-8.948460163082927465e-05,2.459793468005955219e-04
1.884811936179175973e-04,-9.212207078235223889e-05,2.478800597600638866e-04
1.876830647233873606e-04,-9.116861474467441440e-05,2.493078354746103287e-04
1.852117857197299600e-04,-8.754552254686132073e-05,2.498511457815766335e-04
1.813808339647948742e-04,-8.177735435310751200e-05,2.496049564797431231e-04
1.770945527823641896e-04,-7.538643694715574384e-05,2.486006414983421564e-04
1.722628658171743155e-04,-6.830519851064309478e-05,2.472193737048655748e-04
1.676283718552440405e-04,-6.172421853989362717e-05,2.454226778354495764e-04
1.626620214665308595e-04,-5.483760833158157766e-05,2.435345668345689774e-04
1.584491692483425140e-04,-4.923281812807545066e-05,2.413097099633887410e-04
1.538993674330413342e-04,-4.331678428570739925e-05,2.391039743088185787e-04
1.513411116320639849e-04,-4.020917549496516585e-05,2.365113614359870553e-04
1.484277454437687993e-04,-3.660603761090897024e-05,2.340295905014500022e-04
1.515813783043995500e-04,-4.061194704263471067e-05,2.312145225005224347e-04
1.539850491099059582e-04,-4.302104571252129972e-05,2.283099456690251827e-04
1.854140427894890308e-04,-8.238211739808320999e-05,2.254084538435563445e-04
2.082046412397176027e-04,-1.000832999125123024e-04,2.167989732697606087e-04
4.132467438466846943e-06,2.147882878489326686e-05,-8.416076889261603355e-05
-8.763525693211704493e-05,-2.697978197829797864e-05,-4.032610158901661634e-04
-5.398437497206032276e-05,-4.759672083309851587e-05,-2.865348069462925196e-04
-3.112941340077668428e-05,-5.478148887050338089e-05,-2.026683650910854340e-04
-4.104898835066705942e-06,-5.153051824891008437e-05,-8.575650281272828579e-05
2.274172729812562466e-04,-1.672829093877226114e-04,2.400338271399959922e-04
2.047215239144861698e-04,-1.292915694648399949e-04,2.527767210267484188e-04
1.908282574731856585e-04,-1.052128718583844602e-04,2.562926383689045906e-04
1.831332047004252672e-04,-9.199405030813068151e-05,2.554521197453141212e-04
1.785767381079494953e-04,-8.415685442741960287e-05,2.520606503821909428e-04
1.669702178332954645e-04,-7.233805081341415644e-05,2.482194395270198584e-04
1.639696565689519048e-04,-6.778894021408632398e-05,2.461460535414516926e-04
1.629988546483218670e-04,-6.624594971071928740e-05,2.439354429952800274e-04
1.645479496801272035e-04,-6.834093801444396377e-05,2.425258571747690439e-04
1.682642177911475301e-04,-7.364572229562327266e-05,2.424720150884240866e-04
1.926206168718636036e-04,-8.065267320489510894e-05,3.311486507300287485e-04
3.025557089131325483e-04,-2.706873056013137102e-04,2.523337316233664751e-04
3.164762747474014759e-04,-2.685204381123185158e-04,2.208174992119893432e-04
1.927858247654512525e-04,-7.694776286371052265e-05,2.532215148676186800e-04
1.407663221471011639e-04,7.292803638847544789e-05,6.351909833028912544e-04
1.333837280981242657e-04,4.505800461629405618e-05,5.009587621316313744e-04
1.324055920122191310e-04,2.613132710393983871e-05,4.036861937493085861e-04
1.399858156219124794e-04,5.907859758735867217e-06,3.406496252864599228e-04
1.533587928861379623e-04,-1.698182859399821609e-05,3.017629787791520357e-04
1.682484289631247520e-04,-3.956984073738567531e-05,2.770329883787781000e-04
1.809708046494051814e-04,-5.806407716590911150e-05,2.607500646263360977e-04
1.904446398839354515e-04,-7.153381739044561982e-05,2.500537957530468702e-04
1.966086419997736812e-04,-8.015890489332377911e-05,2.427787258056923747e-04
2.000382955884560943e-04,-8.486518345307558775e-05,2.379037759965285659e-04
2.017558872466906905e-04,-8.712236740393564105e-05,2.343390515306964517e-04
2.026788279181346297e-04,-8.822226664051413536e-05,2.313875302206724882e-04
2.040245308307930827e-04,-8.983137377072125673e-05,2.282625064253807068e-04
2.072027855319902301e-04,-9.384536679135635495e-05,2.243151830043643713e-04
2.147725754184648395e-04,-1.037651891238056123e-04,2.187755744671449065e-04
2.320108469575643539e-04,-1.276579423574730754e-04,2.114138769684359431e-04
2.628126821946352720e-04,-1.754001277731731534e-04,2.045813016593456268e-04
3.710531163960695267e-04,-2.576557162683457136e-04,1.342491887044161558e-04
1.715199614409357309e-04,-2.903093263739719987e-05,1.413792488165199757e-04
1.752944226609542966e-04,-2.979278178827371448e-05,3.161543863825500011e-04
2.840439556166529655e-04,-2.408647123957052827e-04,3.005636390298604965e-04
5.065783625468611717e-05,1.595450885361060500e-05,1.712955418042838573e-04
7.166559225879609585e-05,2.957746983156539500e-05,2.787074481602758169e-04
9.196329483529552817e-05,4.597855149768292904e-05,3.865803009830415249e-04
1.116989806178025901e-04,6.511100218631327152e-05,4.954115138389170170e-04
1.311705709667876363e-04,8.695657015778124332e-05,6.062269094400107861e-04
1.591246837051585317e-04,1.086668780772015452e-04,8.267211378552019596e-04
1.791665272321552038e-04,1.460924395360052586e-04,9.622271754778921604e-04
1.978689397219568491e-04,1.753682445269078016e-04,1.071853213943541050e-03
2.252639824291691184e-04,2.259929315187036991e-04,1.248328015208244324e-03
2.352264273213222623e-04,9.919253352563828230e-05,1.008579740300774574e-03
2.038695674855262041e-04,-1.043488155119121075e-04,4.654091026168316603e-04
1.814969000406563282e-04,-8.417631761403754354e-05,2.773413725662976503e-04
1.554146292619407177e-04,-4.395329233375377953e-05,2.566890616435557604e-04
1.519711659057065845e-04,-4.085971886524930596e-05,2.388194552622735500e-04
1.484728709328919649e-04,-3.662671952042728662e-05,2.347098052268847823e-04
1.511056034360080957e-04,-4.006279050372540951e-05,2.319430204806849360e-04
1.536217314423993230e-04,-4.309610449126921594e-05,2.325141831533983350e-04
1.582707191118970513e-04,-4.895091478829272091e-05,2.334366872673854232e-04
1.626260345801711082e-04,-5.453493213281035423e-05,2.353251766180619597e-04
1.677742402534931898e-04,-6.141244375612586737e-05,2.371570299146696925e-04
1.725583133520558476e-04,-6.800173287047073245e-05,2.392505411989986897e-04
1.775276905391365290e-04,-7.510864088544622064e-05,2.411994355497881770e-04
1.818782766349613667e-04,-8.154688111972063780e-05,2.432257460895925760e-04
1.856602320913225412e-04,-8.738219912629574537e-05,2.451364707667380571e-04
1.879253832157701254e-04,-9.109368693316355348e-05,2.470382023602724075e-04
1.884050434455275536e-04,-9.215082536684349179e-05,2.486399316694587469e-04
1.866010570665821433e-04,-8.961836283560842276e-05,2.497520181350409985e-04
5.084140502731315792e-05,-1.998627412831410766e-04,-2.114872622769325972e-04
2.608042086649220437e-05,-1.372443512082099915e-04,-1.352443291580129880e-06
2.931355556938797235e-04,-4.247870529070496559e-04,1.322053867625072598e-04
1.493270974606275558e-05,-7.804301276337355375e-06,-1.402506604790687561e-04
3.364867734489962459e-05,-3.969622193835675716e-04,-6.610050331801176071e-04
2.160585972887929529e-05,-1.257018302567303181e-04,-2.190105733461678028e-04
1.096600026357918978e-04,-1.223981817020103335e-04,2.474459179211407900e-04
2.695490547921508551e-04,-8.538259862689301372e-05,-5.913030327064916492e-05
2.115962124662473798e-04,-5.923907156102359295e-05,-4.723257734440267086e-05
-3.655604086816310883e-05,5.304791557136923075e-05,-6.221120711416006088e-04
8.495849760947749019e-05,6.438848504330962896e-05,7.463490474037826061e-04
1.858049072325229645e-04,-3.981187182944267988e-04,4.092504968866705894e-04
3.004993959621060640e-05,-3.447738708928227425e-05,-7.537368219345808029e-06
4.323366738390177488e-05,2.118434931617230177e-04,6.096239667385816574e-04
1.874303707154467702e-04,-4.066672117915004492e-04,4.142993711866438389e-04
8.444968261756002903e-05,6.403103179764002562e-05,7.502198568545281887e-04
1.847833627834916115e-04,3.746565780602395535e-04,2.239093184471130371e-03
2.543073205742985010e-04,-1.519655634183436632e-04,1.178382895886898041e-03
1.508839341113343835e-05,-6.996669981162995100e-06,-1.375827996525913477e-04
2.985477040056139231e-04,-4.352012765593826771e-04,1.290684158448129892e-04
1.085808398784138262e-04,-1.226652093464508653e-04,2.428483276162296534e-04
2.692112466320395470e-04,-8.501474803779274225e-05,-6.074278280721046031e-05
2.117613330483436584e-04,-5.988552584312856197e-05,-4.654473741538822651e-05
-3.708193253260105848e-05,5.400681402534246445e-05,-6.212554872035980225e-04
1.849735854193568230e-04,3.735659702215343714e-04,2.232518047094345093e-03
2.541614812798798084e-04,-1.516278716735541821e-04,1.173391472548246384e-03
2.575071084720548242e-05,-1.351990795228630304e-04,-7.758918627587263472e-07
5.021175093133933842e-05,-1.973224134417250752e-04,-2.100003039231523871e-04
2.957504511869046837e-05,-3.349583857925608754e-05,-5.756519385613501072e-06
4.301668377593159676e-05,2.120628778357058764e-04,6.094786804169416428e-04
3.311537147965282202e-05,-3.941514296457171440e-04,-6.576461601071059704e-04
2.110726018145214766e-05,-1.230935740750283003e-04,-2.167306229239329696e-04
2.251543919555842876e-04,-1.503900566603988409e-04,2.302087086718529463e-04
2.084589505102485418e-04,-1.204099899041466415e-04,2.274326689075678587e-04
1.933611201820895076e-04,-9.677336493041366339e-05,2.290700067533180118e-04
1.837271993281319737e-04,-8.278695167973637581e-05,2.319993800483644009e-04
1.784933556336909533e-04,-7.548638677690178156e-05,2.347429253859445453e-04
1.758625730872154236e-04,-7.191397162387147546e-05,2.370137081015855074e-04
1.747692003846168518e-04,-7.049972919048741460e-05,2.388402208453044295e-04
1.745300542097538710e-04,-7.028975232969969511e-05,2.402942191110923886e-04
1.747426576912403107e-04,-7.072352309478446841e-05,2.414586051600053906e-04
1.751731178956106305e-04,-7.146173447836190462e-05,2.423942787572741508e-04
1.756788115017116070e-04,-7.230012124637141824e-05,2.431484026601538062e-04
1.761694875312969089e-04,-7.311595254577696323e-05,2.437569637550041080e-04
1.766055356711149216e-04,-7.384394120890647173e-05,2.442513359710574150e-04
1.769686496118083596e-04,-7.445511437254026532e-05,2.446579164825379848e-04
1.772483228705823421e-04,-7.493368320865556598e-05,2.450021274853497744e-04
1.774442207533866167e-04,-7.527880370616912842e-05,2.453068736940622330e-04
1.775484124664217234e-04,-7.548487337771803141e-05,2.455943031236529350e-04
2.132529043592512608e-04,-1.342203613603487611e-04,2.436679642414674163e-04
2.063257124973461032e-04,-1.199382386403158307e-04,2.374130272073671222e-04
1.966408599400892854e-04,-1.032381405821070075e-04,2.354599710088223219e-04
1.884301891550421715e-04,-9.030488581629469991e-05,2.357100311201065779e-04
1.829586253734305501e-04,-8.216360583901405334e-05,2.368341811234131455e-04
1.797759905457496643e-04,-7.760521111777052283e-05,2.381387748755514622e-04
1.780861202860251069e-04,-7.527694833697751164e-05,2.393995382590219378e-04
1.773030817275866866e-04,-7.428265234921127558e-05,2.405381965218111873e-04
1.770290255080908537e-04,-7.402995106531307101e-05,2.415302587905898690e-04
1.770324161043390632e-04,-7.416860171360895038e-05,2.423776895739138126e-04
1.771679817466065288e-04,-7.448432006640359759e-05,2.430890890536829829e-04
1.773453986970707774e-04,-7.485354581149294972e-05,2.436797367408871651e-04
1.775258133420720696e-04,-7.521365478169173002e-05,2.441678661853075027e-04
1.776842400431632996e-04,-7.552756142104044557e-05,2.445743593852967024e-04
1.778099103830754757e-04,-7.578045915579423308e-05,2.449199964758008718e-04
1.778969162842258811e-04,-7.596529030706733465e-05,2.452267217449843884e-04
1.779381564119830728e-04,-7.607868610648438334e-05,2.455149078741669655e-04
2.021445252466946840e-04,-1.165290159406140447e-04,2.514271764084696770e-04
2.006915165111422539e-04,-1.122653484344482422e-04,2.449895255267620087e-04
1.956928608706220984e-04,-1.028834303724579513e-04,2.414423215668648481e-04
1.902926596812903881e-04,-9.378648246638476849e-05,2.399440127192065120e-04
1.859329204307869077e-04,-8.692694973433390260e-05,2.396775962552055717e-04
1.829500106396153569e-04,-8.245792560046538711e-05,2.400504890829324722e-04
1.810757676139473915e-04,-7.976758206496015191e-05,2.406953572062775493e-04
1.799316960386931896e-04,-7.821198232704773545e-05,2.414284972473978996e-04
1.792444672901183367e-04,-7.734641258139163256e-05,2.421507670078426600e-04
1.788405497791245580e-04,-7.688718324061483145e-05,2.428114676149562001e-04
1.786069915397092700e-04,-7.666021701879799366e-05,2.433910412946715951e-04
1.784675987437367439e-04,-7.656093657715246081e-05,2.438834490021690726e-04
1.783859624993056059e-04,-7.653006468899548054e-05,2.442978147882968187e-04
1.783380430424585938e-04,-7.653368811588734388e-05,2.446460712235420942e-04
1.783100451575592160e-04,-7.655348599655553699e-05,2.449441526550799608e-04
1.782914187060669065e-04,-7.657623791601508856e-05,2.452102489769458771e-04
1.782718609319999814e-04,-7.659442781005054712e-05,2.454615605529397726e-04
1.943679963005706668e-04,-1.033790758810937405e-04,2.540844725444912910e-04
1.953560276888310909e-04,-1.039552444126456976e-04,2.494694199413061142e-04
1.936401822604238987e-04,-1.001938362605869770e-04,2.459760289639234543e-04
1.907799160107970238e-04,-9.504681656835600734e-05,2.438793017063289881e-04
1.879016926977783442e-04,-9.030683577293530107e-05,2.428578300168737769e-04
1.854873553384095430e-04,-8.656093996251001954e-05,2.425523853162303567e-04
1.836275623645633459e-04,-8.380580402445048094e-05,2.426493592793121934e-04
1.822297344915568829e-04,-8.181905286619439721e-05,2.429492597002536058e-04
1.811791444197297096e-04,-8.037882071221247315e-05,2.433240442769601941e-04
1.803980558179318905e-04,-7.933362212497740984e-05,2.437065122649073601e-04
1.798191806301474571e-04,-7.857236050767824054e-05,2.440601965645328164e-04
1.793854171410202980e-04,-7.801641186233609915e-05,2.443726407364010811e-04
1.790649403119459748e-04,-7.761338929412886500e-05,2.446411817800253630e-04
1.788334484444931149e-04,-7.732866652077063918e-05,2.448718878440558910e-04
1.786700013326480985e-04,-7.713375089224427938e-05,2.450727042742073536e-04
1.785600761650130153e-04,-7.700888818362727761e-05,2.452569897286593914e-04
1.784879714250564575e-04,-7.693872612435370684e-05,2.454363566357642412e-04
1.903586380649358034e-04,-9.613158181309700012e-05,2.528869372326880693e-04
1.926057157106697559e-04,-9.923279139911755919e-05,2.509006881155073643e-04
1.928755227709189057e-04,-9.911689994623884559e-05,2.488945901859551668e-04
1.916768524097278714e-04,-9.681746450951322913e-05,2.473246131557971239e-04
1.897519250633195043e-04,-9.360243711853399873e-05,2.462771080899983644e-04
1.876630412880331278e-04,-9.031025547301396728e-05,2.456380752846598625e-04
1.857074239524081349e-04,-8.733574213692918420e-05,2.452863263897597790e-04
1.840120530687272549e-04,-8.482498378725722432e-05,2.451175241731107235e-04
1.826092629926279187e-04,-8.278847963083535433e-05,2.450555621180683374e-04
1.814876450225710869e-04,-8.117594552459195256e-05,2.450521860737353563e-04
1.806170184863731265e-04,-7.993122562766075134e-05,2.450801548548042774e-04
1.799460005713626742e-04,-7.898259354988113046e-05,2.451233158353716135e-04
1.794421550584957004e-04,-7.827500667190179229e-05,2.451748005114495754e-04
1.790748792700469494e-04,-7.776286656735464931e-05,2.452297776471823454e-04
1.788141817087307572e-04,-7.740243745502084494e-05,2.452902554068714380e-04
1.786413922673091292e-04,-7.716716208960860968e-05,2.453571069054305553e-04
1.785361382644623518e-04,-7.703359733568504453e-05,2.454344648867845535e-04
2.294078294653445482e-04,-1.253856462426483631e-04,2.738426846917718649e-04
2.127022598870098591e-04,-9.070022497326135635e-05,2.653502742759883404e-04
2.081885322695598006e-04,-8.093444921541959047e-05,2.590853837318718433e-04
2.073258656309917569e-04,-7.827114313840866089e-05,2.555231912992894650e-04
2.077516546705737710e-04,-7.809622911736369133e-05,2.533711958676576614e-04
2.088098699459806085e-04,-7.915178139228373766e-05,2.519425470381975174e-04
2.101900463458150625e-04,-8.085279114311560988e-05,2.508467587176710367e-04
2.117394906235858798e-04,-8.291238918900489807e-05,2.498990797903388739e-04
2.133360976586118340e-04,-8.511388296028599143e-05,2.490228798706084490e-04
2.148893690900877118e-04,-8.730080298846587539e-05,2.482000563759356737e-04
2.163315075449645519e-04,-8.935691585065796971e-05,2.474351204000413418e-04
2.176167618017643690e-04,-9.120336471823975444e-05,2.467405865900218487e-04
2.187155769206583500e-04,-9.278863581130281091e-05,2.461277763359248638e-04
2.196182758780196309e-04,-9.409156336914747953e-05,2.456008223816752434e-04
2.203192707384005189e-04,-9.509889787295833230e-05,2.451600157655775547e-04
2.208239166066050529e-04,-9.581352060195058584e-05,2.448002051096409559e-04
2.211376558989286423e-04,-9.624048107070848346e-05,2.445137361064553261e-04
1.835763978306204081e-04,-4.579444066621363163e-05,2.728518156800419092e-04
1.891629508463665843e-04,-5.289937689667567611e-05,2.585962938610464334e-04
1.952790771611034870e-04,-6.063869295758195221e-05,2.532813523430377245e-04
1.996425417019054294e-04,-6.615498568862676620e-05,2.509254554752260447e-04
2.029590104939416051e-04,-7.042702054604887962e-05,2.497630193829536438e-04
2.056369121419265866e-04,-7.396596629405394197e-05,2.490764309186488390e-04
2.079842233797535300e-04,-7.715786341577768326e-05,2.485540462657809258e-04
2.101267309626564384e-04,-8.014377090148627758e-05,2.480648981872946024e-04
2.121133002219721675e-04,-8.296754094772040844e-05,2.475648070685565472e-04
2.139366697520017624e-04,-8.559763227822259068e-05,2.470537729095667601e-04
2.155852562282234430e-04,-8.799679926596581936e-05,2.465473953634500504e-04
2.170228835893794894e-04,-9.011077781906351447e-05,2.460679097566753626e-04
2.182363241445273161e-04,-9.191122808260843158e-05,2.456323709338903427e-04
2.192300744354724884e-04,-9.338562085758894682e-05,2.452521584928035736e-04
2.199981827288866043e-04,-9.452510130358859897e-05,2.449339954182505608e-04
2.205447235610336065e-04,-9.533193224342539907e-05,2.446809667162597179e-04
2.208769001299515367e-04,-9.581312042428180575e-05,2.444899582769721746e-04
1.571442844578996301e-04,-1.479332604503724724e-05,2.313177101314067841e-04
1.789325033314526081e-04,-3.881147495121695101e-05,2.384129911661148071e-04
1.901990326587110758e-04,-5.273708666209131479e-05,2.415524068055674434e-04
1.969679578905925155e-04,-6.154909351607784629e-05,2.433994959574192762e-04
2.014163619605824351e-04,-6.751470209565013647e-05,2.445603895466774702e-04
2.047108137048780918e-04,-7.203787390608340502e-05,2.452756743878126144e-04
2.073903597192838788e-04,-7.579441444249823689e-05,2.456688671372830868e-04
2.097309625241905451e-04,-7.913886656751856208e-05,2.458203234709799290e-04
2.118341799359768629e-04,-8.219324809033423662e-05,2.457998343743383884e-04
2.137344272341579199e-04,-8.499050454702228308e-05,2.456641814205795527e-04
2.154311951017007232e-04,-8.751060522627085447e-05,2.454615605529397726e-04
2.169037616113200784e-04,-8.972275827545672655e-05,2.452302724123001099e-04
2.181396121159195900e-04,-9.159914043266326189e-05,2.450000320095568895e-04
2.191485255025327206e-04,-9.313519694842398167e-05,2.447902224957942963e-04
2.199241716880351305e-04,-9.432114893570542336e-05,2.446167927701026201e-04
2.204722550231963396e-04,-9.516168938716873527e-05,2.444875717628747225e-04
2.207981306128203869e-04,-9.566279186401516199e-05,2.444077981635928154e-04
1.849357504397630692e-04,-4.421905759954825044e-05,1.965377159649506211e-04
1.906003453768789768e-04,-5.196536585572175682e-05,2.190119848819449544e-04
1.966705603990703821e-04,-6.007287447573617101e-05,2.297256141901016235e-04
2.007855073316022754e-04,-6.579433829756453633e-05,2.356732584303244948e-04
2.038812672253698111e-04,-7.018345786491408944e-05,2.391903253737837076e-04
2.063901774818077683e-04,-7.379311136901378632e-05,2.413538750261068344e-04
2.086126187350600958e-04,-7.703082519583404064e-05,2.426865539746358991e-04
2.106582978740334511e-04,-8.004856499610468745e-05,2.434943162370473146e-04
2.125647588400170207e-04,-8.289530524052679539e-05,2.439583913655951619e-04
2.143176971003413200e-04,-8.554298983654007316e-05,2.442013937979936600e-04
2.159025170840322971e-04,-8.795566100161522627e-05,2.443036064505577087e-04
2.172811946365982294e-04,-9.008024062495678663e-05,2.443244156893342733e-04
2.184410259360447526e-04,-9.188890544464811683e-05,2.443039848003536463e-04
2.193859545513987541e-04,-9.336970833828672767e-05,2.442703407723456621e-04
2.201101888203993440e-04,-9.451428195461630821e-05,2.442448167130351067e-04
2.206171193392947316e-04,-9.532535477774217725e-05,2.442440600134432316e-04
2.209124795626848936e-04,-9.580990445101633668e-05,2.442778204567730427e-04
2.514411462470889091e-04,-1.257781550521031022e-04,1.926214317791163921e-04
2.215797721873968840e-04,-8.986746979644522071e-05,2.107276086462661624e-04
2.127835177816450596e-04,-8.022255497053265572e-05,2.228441881015896797e-04
2.102219150401651859e-04,-7.774338155286386609e-05,2.303088549524545670e-04
2.098034456139430404e-04,-7.770880620228126645e-05,2.350811118958517909e-04
2.103866136167198420e-04,-7.886179810157045722e-05,2.381393424002453685e-04
2.114642556989565492e-04,-8.063208952080458403e-05,2.401299134362488985e-04
2.127989137079566717e-04,-8.274295396404340863e-05,2.414281188976019621e-04
2.142258308595046401e-04,-8.498377428622916341e-05,2.422803663648664951e-04
2.156342234229668975e-04,-8.720128971617668867e-05,2.428401639917865396e-04
2.169530780520290136e-04,-8.928452734835445881e-05,2.432082401355728507e-04
2.181210147682577372e-04,-9.115009743254631758e-05,2.434532361803576350e-04
2.191082458011806011e-04,-9.274743206333369017e-05,2.436237555230036378e-04
2.199162699980661273e-04,-9.406203025719150901e-05,2.437512594042345881e-04
2.205327182309702039e-04,-9.507871436653658748e-05,2.438627125229686499e-04
2.209610684076324105e-04,-9.580110781826078892e-05,2.439781092107295990e-04
2.212049002991989255e-04,-9.623447112971916795e-05,2.441146789351478219e-04
1.689238124527037144e-04,-7.440366607625037432e-05,2.415206399746239185e-04
1.722697343211621046e-04,-7.879026816226541996e-05,2.402557583991438150e-04
1.762123574735596776e-04,-8.414369222009554505e-05,2.397460775682702661e-04
1.845026999944821000e-04,-9.607084211893379688e-05,2.387337735854089260e-04
2.055390650639310479e-04,-1.297669514315202832e-04,2.375600161030888557e-04
1.654124644119292498e-04,-6.942411710042506456e-05,2.431396569591015577e-04
1.665022718952968717e-04,-7.056333561195060611e-05,2.443114935886114836e-04
1.651844650041311979e-04,-6.819028203608468175e-05,2.458144736010581255e-04
1.627741003176197410e-04,-6.425011815736070275e-05,2.469972241669893265e-04
1.633698702789843082e-04,-6.442485027946531773e-05,2.469582541380077600e-04
1.641303097130730748e-04,-6.778860552003607154e-05,2.464901481289416552e-04
1.642648858251050115e-04,-6.765148282283917069e-05,2.508097968529909849e-04
1.607476879144087434e-04,-6.203626253409311175e-05,2.557619882281869650e-04
1.545357226859778166e-04,-5.254781353869475424e-05,2.624201879370957613e-04
1.444154768250882626e-04,-3.799069963861256838e-05,2.741585776675492525e-04
1.656829117564484477e-04,-7.034582085907459259e-05,2.502677089069038630e-04
1.664976734900847077e-04,-7.144585833884775639e-05,2.568990166764706373e-04
1.650849735597148538e-04,-6.891939119668677449e-05,2.640646416693925858e-04
1.629407342988997698e-04,-6.491771637229248881e-05,2.740381169132888317e-04
1.640019181650131941e-04,-6.534680869663134217e-05,2.904382999986410141e-04
1.693887461442500353e-04,-7.623117562616243958e-05,2.529388002585619688e-04
1.718417915981262922e-04,-8.037256338866427541e-05,2.596335543785244226e-04
1.746205816743895411e-04,-8.510761108482256532e-05,2.653387491591274738e-04
1.808280794648453593e-04,-9.610573761165142059e-05,2.707185631152242422e-04
1.979335938813164830e-04,-1.278262207051739097e-04,2.703369827941060066e-04
1.775129640009254217e-04,-7.550803275080397725e-05,2.462091797497123480e-04
1.773720141500234604e-04,-7.532633753726258874e-05,2.465757424943149090e-04
1.771365932654589415e-04,-7.500925130443647504e-05,2.470107283443212509e-04
1.768136862665414810e-04,-7.456331513822078705e-05,2.475315995980054140e-04
1.764036569511517882e-04,-7.399107562378048897e-05,2.481545961927622557e-04
1.759171864250674844e-04,-7.330990774789825082e-05,2.488913596607744694e-04
1.753736432874575257e-04,-7.254975207615643740e-05,2.497468085493892431e-04
1.748175272950902581e-04,-7.177941733971238136e-05,2.507168683223426342e-04
1.743257453199476004e-04,-7.111714512575417757e-05,2.517845132388174534e-04
1.740298757795244455e-04,-7.076825568219646811e-05,2.529236080590635538e-04
1.741469604894518852e-04,-7.107655983418226242e-05,2.540927962400019169e-04
1.750207156874239445e-04,-7.260306301759555936e-05,2.552481018938124180e-04
1.772070972947403789e-04,-7.629088941030204296e-05,2.563101879786700010e-04
1.815632858779281378e-04,-8.368559065274894238e-05,2.571297809481620789e-04
1.896172470878809690e-04,-9.765494178282096982e-05,2.571381337475031614e-04
2.028402523137629032e-04,-1.209684414789080620e-04,2.547589829191565514e-04
2.200299932155758142e-04,-1.504306856077164412e-04,2.482545387465506792e-04
1.779014564817771316e-04,-7.610171451233327389e-05,2.461320254951715469e-04
1.778214791556820273e-04,-7.601310790050774813e-05,2.465013239998370409e-04
1.776914577931165695e-04,-7.585632556583732367e-05,2.469423634465783834e-04
1.775169803295284510e-04,-7.563646795460954309e-05,2.474758075550198555e-04
1.773027615854516625e-04,-7.536220073234289885e-05,2.481203409843146801e-04
1.770584058249369264e-04,-7.504957466153427958e-05,2.488908357918262482e-04
1.768082292983308434e-04,-7.473658479284495115e-05,2.497931127436459064e-04
1.765896158758550882e-04,-7.448635733453556895e-05,2.508190227672457695e-04
1.764886255841702223e-04,-7.442175410687923431e-05,2.519408299122005701e-04
1.766403147485107183e-04,-7.475462189177051187e-05,2.530979400034993887e-04
1.772528776200488210e-04,-7.583012484246864915e-05,2.541872381698340178e-04
1.786830980563536286e-04,-7.823131454642862082e-05,2.550424833316355944e-04
1.814599527278915048e-04,-8.283519855467602611e-05,2.554144011810421944e-04
1.863512588897719979e-04,-9.095744462683796883e-05,2.548908232711255550e-04
1.940423389896750450e-04,-1.037452893797308207e-04,2.527571050450205803e-04
2.041345578618347645e-04,-1.201720297103747725e-04,2.483651041984558105e-04
2.136625262210145593e-04,-1.341974275419488549e-04,2.419444790575653315e-04
1.782381441444158554e-04,-7.661490963073447347e-05,2.460091491229832172e-04
1.782217732397839427e-04,-7.661861309316009283e-05,2.463432028889656067e-04
1.781995233613997698e-04,-7.662108691874891520e-05,2.467474841978400946e-04
1.781792234396561980e-04,-7.663091673748567700e-05,2.472433261573314667e-04
1.781692262738943100e-04,-7.666293822694569826e-05,2.478508686181157827e-04
1.781814207788556814e-04,-7.673681102460250258e-05,2.485867298673838377e-04
1.782371546141803265e-04,-7.688703044550493360e-05,2.494591462891548872e-04
1.783706684364005923e-04,-7.717258995398879051e-05,2.504589792806655169e-04
1.786547509254887700e-04,-7.769645162625238299e-05,2.515527594368904829e-04
1.791969989426434040e-04,-7.862834900151938200e-05,2.526610915083438158e-04
1.801636972231790423e-04,-8.024358248803764582e-05,2.536366228014230728e-04
1.818232558434829116e-04,-8.297201566165313125e-05,2.542391302995383739e-04
1.845710212364792824e-04,-8.743468060856685042e-05,2.541166322771459818e-04
1.887916878331452608e-04,-9.421217691851779819e-05,2.527896140236407518e-04
1.944696268765255809e-04,-1.031334686558693647e-04,2.498367393855005503e-04
2.006431313930079341e-04,-1.122723624575883150e-04,2.452673215884715319e-04
2.042354462901130319e-04,-1.162620101240463555e-04,2.400812809355556965e-04
1.784621272236108780e-04,-7.695408567087724805e-05,2.458479721099138260e-04
1.785064523573964834e-04,-7.704077870585024357e-05,2.461094409227371216e-04
1.785836939234286547e-04,-7.718450797256082296e-05,2.464349381625652313e-04
1.787074870662763715e-04,-7.740226283203810453e-05,2.468437305651605129e-04
1.788896333891898394e-04,-7.771455420879647136e-05,2.473538625054061413e-04
1.791482063708826900e-04,-7.815081335138529539e-05,2.479835820849984884e-04
1.795042480807751417e-04,-7.874610309954732656e-05,2.487433084752410650e-04
1.799869787646457553e-04,-7.955267938086763024e-05,2.496307715773582458e-04
1.806509972084313631e-04,-8.064693247433751822e-05,2.506164601072669029e-04
1.815643045119941235e-04,-8.213547698687762022e-05,2.516272070351988077e-04
1.828117383411154151e-04,-8.416142372880131006e-05,2.525161253288388252e-04
1.845305087044835091e-04,-8.693202107679098845e-05,2.530424389988183975e-04
1.868742838269099593e-04,-9.064956248039379716e-05,2.528335899114608765e-04
1.898817426990717649e-04,-9.529725502943620086e-05,2.514932421036064625e-04
1.932660088641569018e-04,-1.002805292955599725e-04,2.487688907422125340e-04
1.960231893463060260e-04,-1.038196351146325469e-04,2.448792511131614447e-04
1.962423411896452308e-04,-1.029881095746532083e-04,2.409487060504034162e-04
1.785222120815888047e-04,-7.704195741098374128e-05,2.456572256051003933e-04
1.786119682947173715e-04,-7.718433334957808256e-05,2.458178205415606499e-04
1.787665678421035409e-04,-7.743003516225144267e-05,2.460296964272856712e-04
1.790043897926807404e-04,-7.780283340252935886e-05,2.463056880515068769e-04
1.793424889910966158e-04,-7.833026756998151541e-05,2.466631121933460236e-04
1.798085286282002926e-04,-7.905648089945316315e-05,2.471162879373878241e-04
1.804306230042129755e-04,-8.002714457688853145e-05,2.476798254065215588e-04
1.812440168578177691e-04,-8.129976049531251192e-05,2.483582939021289349e-04
1.822883787099272013e-04,-8.293952851090580225e-05,2.491406921762973070e-04
1.835950679378584027e-04,-8.499961404595524073e-05,2.499845577403903008e-04
1.851956767495721579e-04,-8.753001020522788167e-05,2.507957397028803825e-04
1.870832347776740789e-04,-9.051166125573217869e-05,2.514034567866474390e-04
1.891731808427721262e-04,-9.378148388350382447e-05,2.515381784178316593e-04
1.912465086206793785e-04,-9.693340689409524202e-05,2.508967590983957052e-04
1.928280253196135163e-04,-9.912859968608245254e-05,2.492668863851577044e-04
1.931343576870858669e-04,-9.910252992995083332e-05,2.467705926392227411e-04
1.914128806674852967e-04,-9.584243525750935078e-05,2.440290845697745681e-04
7.134214683901518583e-06,-3.757054582820273936e-05,-1.727524795569479465e-05
3.906204074155539274e-05,-7.807684596627950668e-06,1.041276118485257030e-04
7.813590491423383355e-05,3.762727828870993108e-06,1.865916710812598467e-04
1.127211144194006920e-04,-5.605139904218958691e-06,2.274389262311160564e-04
1.385789364576339722e-04,-2.462966403982136399e-05,2.459248644299805164e-04
1.550836459500715137e-04,-4.270193312549963593e-05,2.544987655710428953e-04
1.653747167438268661e-04,-5.674095154972746968e-05,2.586469345260411501e-04
1.716901460895314813e-04,-6.657858466496691108e-05,2.609486400615423918e-04
1.752706739353016019e-04,-7.267794717336073518e-05,2.621234452817589045e-04
1.773475378286093473e-04,-7.643850403837859631e-05,2.626794448588043451e-04
1.785945496521890163e-04,-7.879623444750905037e-05,2.628837828524410725e-04
1.798565353965386748e-04,-8.115874516079202294e-05,2.628809015732258558e-04
1.819125172914937139e-04,-8.487729064654558897e-05,2.627630601637065411e-04
1.858675677794963121e-04,-9.195372695103287697e-05,2.624533954076468945e-04
1.933560561155900359e-04,-1.054564563673920929e-04,2.614676777739077806e-04
2.059501275653019547e-04,-1.282416778849437833e-04,2.582323213573545218e-04
2.224795171059668064e-04,-1.568869338370859623e-04,2.510040649212896824e-04
-1.075092586688697338e-05,-3.375778760528191924e-05,-8.703852654434740543e-05
3.903319884557276964e-05,-7.426224328810349107e-07,8.780159987509250641e-05
9.008459892356768250e-05,1.592672560946084559e-06,1.841929915826767683e-04
1.283579767914488912e-04,-1.726928530842997134e-05,2.261922636535018682e-04
1.495283067924901843e-04,-3.657587876659817994e-05,2.437561779515817761e-04
1.612458727322518826e-04,-5.103362491354346275e-05,2.521355636417865753e-04
1.683661976130679250e-04,-6.149327964521944523e-05,2.571011718828231096e-04
1.724550384096801281e-04,-6.818304245825856924e-05,2.600087318569421768e-04
1.751450035953894258e-04,-7.285780884558334947e-05,2.616595884319394827e-04
1.768988877302035689e-04,-7.599293894600123167e-05,2.625298220664262772e-04
1.784775668056681752e-04,-7.877830648794770241e-05,2.628088113851845264e-04
1.803456252673640847e-04,-8.201017772080376744e-05,2.626242931000888348e-04
1.832531270338222384e-04,-8.697299199411645532e-05,2.618494327180087566e-04
1.880360359791666269e-04,-9.511799726169556379e-05,2.602172608021646738e-04
1.955033949343487620e-04,-1.077605847967788577e-04,2.570579817984253168e-04
2.052921336144208908e-04,-1.238405529875308275e-04,2.517813118174672127e-04
2.145067410310730338e-04,-1.372978294966742396e-04,2.446358848828822374e-04
-2.264326030854135752e-05,-2.137245246558450162e-05,-1.273650268558412790e-04
5.389548459788784385e-05,6.275327905314043164e-06,9.890508954413235188e-05
1.190844195662066340e-04,-1.269730637432076037e-05,1.980025990633293986e-04
1.471694704378023744e-04,-3.466291673248633742e-05,2.293904253747314215e-04
1.584239653311669827e-04,-4.749302388518117368e-05,2.423755358904600143e-04
1.650845515541732311e-04,-5.681371840182691813e-05,2.501088602002710104e-04
1.686373288976028562e-04,-6.244822725420817733e-05,2.549229538999497890e-04
1.714190584607422352e-04,-6.705833948217332363e-05,2.578288840595632792e-04
1.734630495775490999e-04,-7.051814463920891285e-05,2.596374251879751682e-04
1.754048862494528294e-04,-7.375920540653169155e-05,2.605922636575996876e-04
1.773871917976066470e-04,-7.701833965256810188e-05,2.609797520563006401e-04
1.798131561372429132e-04,-8.097651880234479904e-05,2.607119386084377766e-04
1.830784603953361511e-04,-8.628525392850860953e-05,2.596407721284776926e-04
1.876414171420037746e-04,-9.364930883748456836e-05,2.573517849668860435e-04
1.935406617121770978e-04,-1.029514169204048812e-04,2.535295207053422928e-04
1.998657535295933485e-04,-1.123075344366952777e-04,2.482009294908493757e-04
2.036037185462191701e-04,-1.163985944003798068e-04,2.424288104521110654e-04
-1.401279587298631668e-05,5.366084224078804255e-06,-1.021899224724620581e-04
1.129798620240762830e-04,-1.105629144149133936e-05,1.634652144275605679e-04
1.533392060082405806e-04,-4.123931284993886948e-05,2.159427531296387315e-04
1.580611569806933403e-04,-4.712102236226201057e-05,2.318204788025468588e-04
1.618299284018576145e-04,-5.255870928522199392e-05,2.410113083897158504e-04
1.634259097045287490e-04,-5.520660488400608301e-05,2.471819752827286720e-04
1.656211970839649439e-04,-5.862616671947762370e-05,2.509652404114603996e-04
1.677930267760530114e-04,-6.198007031343877316e-05,2.536177926231175661e-04
1.702189038041979074e-04,-6.571053381776437163e-05,2.552931546233594418e-04
1.727821218082681298e-04,-6.965362263144925237e-05,2.564572205301374197e-04
1.755553385009989142e-04,-7.393012492684647441e-05,2.570842043496668339e-04
1.786101929610595107e-04,-7.867555541452020407e-05,2.571624354459345341e-04
1.820841716835275292e-04,-8.407550194533541799e-05,2.563941816333681345e-04
1.860242336988449097e-04,-9.013087401399388909e-05,2.544806629884988070e-04
1.901865180116146803e-04,-9.628927364246919751e-05,2.512074133846908808e-04
1.936030748765915632e-04,-1.008189647109247744e-04,2.468481543473899364e-04
1.944320392794907093e-04,-1.008569815894588828e-04,2.425543207209557295e-04
1.068174460669979453e-04,-1.059827991412021220e-05,1.340045855613425374e-04
1.751871604938060045e-04,-6.455325637944042683e-05,2.116260293405503035e-04
1.593401830177754164e-04,-4.882051143795251846e-05,2.252442791359499097e-04
1.560186210554093122e-04,-4.553611142910085618e-05,2.317039470653980970e-04
1.548698201077058911e-04,-4.432398418430238962e-05,2.372987801209092140e-04
1.560873788548633456e-04,-4.595349309965968132e-05,2.408238069619983435e-04
1.586188154760748148e-04,-4.932534648105502129e-05,2.438178053125739098e-04
1.618110836716368794e-04,-5.366346522350795567e-05,2.460649993736296892e-04
1.655000960454344749e-04,-5.882340337848290801e-05,2.479972899891436100e-04
1.693735684966668487e-04,-6.435946124838665128e-05,2.495816152077168226e-04
1.734176330501213670e-04,-7.027132232906296849e-05,2.508826437406241894e-04
1.774699339875951409e-04,-7.630904292454943061e-05,2.517679822631180286e-04
1.814657589420676231e-04,-8.233592234319075942e-05,2.520479902159422636e-04
1.851565175456926227e-04,-8.788320701569318771e-05,2.514496154617518187e-04
1.881101634353399277e-04,-9.216312901116907597e-05,2.498076646588742733e-04
1.895664317999035120e-04,-9.392050560563802719e-05,2.472689957357943058e-04
1.888337574200704694e-04,-9.218685590894892812e-05,2.444979036226868629e-04
1.997291692532598972e-04,-1.304105971939861774e-04,2.669495006557554007e-04
1.816281001083552837e-04,-9.713788313092663884e-05,2.673144335858523846e-04
1.747242058627307415e-04,-8.505817095283418894e-05,2.622929168865084648e-04
1.713871170068159699e-04,-7.949649443617090583e-05,2.572629018686711788e-04
1.685217866906896234e-04,-7.482207729481160641e-05,2.514597435947507620e-04
1.643358846195042133e-04,-6.608729017898440361e-05,2.872238983400166035e-04
1.631073246244341135e-04,-6.524998752865940332e-05,2.710085827857255936e-04
1.650684425840154290e-04,-6.884946924401447177e-05,2.614695986267179251e-04
1.662697177380323410e-04,-7.101246592355892062e-05,2.549489727243781090e-04
1.652715000091120601e-04,-6.967761146370321512e-05,2.491321938578039408e-04
1.440552732674404979e-04,-3.790208575082942843e-05,2.712424029596149921e-04
1.543787948321551085e-04,-5.244490239419974387e-05,2.597818966023623943e-04
1.607099256943911314e-04,-6.194361048983410001e-05,2.535341773182153702e-04
1.642814168008044362e-04,-6.758295057807117701e-05,2.491868799552321434e-04
1.641452981857582927e-04,-6.775198562536388636e-05,2.456262009218335152e-04
1.627621095394715667e-04,-6.347500311676412821e-05,2.446897560730576515e-04
1.624798605917021632e-04,-6.370365736074745655e-05,2.447272127028554678e-04
1.652255014050751925e-04,-6.807056342950090766e-05,2.438552619423717260e-04
1.668154727667570114e-04,-7.085601828293874860e-05,2.429083542665466666e-04
1.658798719290643930e-04,-7.001674384810030460e-05,2.424854901619255543e-04
2.045035507762804627e-04,-1.270191569346934557e-04,2.356465993216261268e-04
1.841007324401289225e-04,-9.482864697929471731e-05,2.366577973589301109e-04
1.764036569511517882e-04,-8.399839134654030204e-05,2.378916979068890214e-04
1.729535142658278346e-04,-7.951747829793021083e-05,2.389464207226410508e-04
1.699171261861920357e-04,-7.573082984890788794e-05,2.410111919743940234e-04
1.291719963774085045e-04,6.992967973928898573e-05,5.512835341505706310e-04
1.278436538996174932e-04,4.887555405730381608e-05,4.572018806356936693e-04
1.326733327005058527e-04,3.328842649352736771e-05,3.855378890875726938e-04
1.451452262699604034e-04,1.411871835443889722e-05,3.365474112797528505e-04
1.627535966690629721e-04,-1.041690484271384776e-05,3.034455876331776381e-04
1.813122653402388096e-04,-3.641087823780253530e-05,2.807924174703657627e-04
1.976214407477527857e-04,-5.961129500064998865e-05,2.649382513482123613e-04
2.097671822411939502e-04,-7.708612974965944886e-05,2.537556865718215704e-04
2.176384732592850924e-04,-8.845936827128753066e-05,2.460419200360774994e-04
2.218478766735643148e-04,-9.449202480027452111e-05,2.406445128144696355e-04
2.233419363619759679e-04,-9.652421431383118033e-05,2.367644337937235832e-04
2.232002443633973598e-04,-9.609598055249080062e-05,2.335064637009054422e-04
2.223360497737303376e-04,-9.448034688830375671e-05,2.300898777320981026e-04
2.218534646090120077e-04,-9.312122710980474949e-05,2.255130821140483022e-04
2.232535771327093244e-04,-9.381189738633111119e-05,2.185727789765223861e-04
2.310423442395403981e-04,-1.018941838992759585e-04,2.070717746391892433e-04
2.603609173092991114e-04,-1.372444676235318184e-04,1.892457948997616768e-04
1.113487596740014851e-04,5.314925510901957750e-05,4.596573417074978352e-04
1.138443622039631009e-04,4.058017293573357165e-05,3.998815082013607025e-04
1.225232845172286034e-04,3.142283821944147348e-05,3.543578204698860645e-04
1.377177395625039935e-04,1.669511584623251110e-05,3.214628377463668585e-04
1.570679596625268459e-04,-5.271921509120147675e-06,2.977699332404881716e-04
1.770282688084989786e-04,-3.087430741288699210e-05,2.801926748361438513e-04
1.943153038155287504e-04,-5.482643973664380610e-05,2.670246758498251438e-04
2.073589275823906064e-04,-7.375609857263043523e-05,2.573083911556750536e-04
2.157006674678996205e-04,-8.619956497568637133e-05,2.502955321688205004e-04
2.199702139478176832e-04,-9.267764107789844275e-05,2.453697088640183210e-04
2.210581878898665309e-04,-9.436417167307808995e-05,2.418013755232095718e-04
2.198120055254548788e-04,-9.252397285308688879e-05,2.389731380390003324e-04
2.169168728869408369e-04,-8.820930088404566050e-05,2.361639490118250251e-04
2.126257168129086494e-04,-8.183522731997072697e-05,2.325928508071228862e-04
2.069339097943156958e-04,-7.348811777774244547e-05,2.269777032779529691e-04
1.991736498894169927e-04,-6.245414260774850845e-05,2.168913488276302814e-04
1.921196235343813896e-04,-5.205529305385425687e-05,1.952921302290633321e-04
9.339443931821733713e-05,3.840823046630248427e-05,3.685020783450454473e-04
1.001654236461035907e-04,3.291356551926583052e-05,3.400869609322398901e-04
1.133319383370690048e-04,2.870473872462753206e-05,3.191318246535956860e-04
1.322026073466986418e-04,1.690031785983592272e-05,3.026916820090264082e-04
1.540231023682281375e-04,-3.734825440915301442e-06,2.888806920964270830e-04
1.752412354107946157e-04,-2.891509939217939973e-05,2.770962892100214958e-04
1.932093873620033264e-04,-5.323235382093116641e-05,2.673364942893385887e-04
2.063791762338951230e-04,-7.252747309394180775e-05,2.596840786281973124e-04
2.147403720300644636e-04,-8.540913404431194067e-05,2.540084533393383026e-04
2.188470389228314161e-04,-9.202718501910567284e-05,2.499720139894634485e-04
2.196406567236408591e-04,-9.356220834888517857e-05,2.471715852152556181e-04
2.179204457206651568e-04,-9.124479402089491487e-05,2.451627224218100309e-04
2.141498989658430219e-04,-8.588038326706737280e-05,2.435871429042890668e-04
2.083865547319874167e-04,-7.772730896249413490e-05,2.420713135506957769e-04
1.997924264287576079e-04,-6.590227712877094746e-05,2.402320096734911203e-04
1.864557707449421287e-04,-4.852275378652848303e-05,2.373369497945532203e-04
1.623874995857477188e-04,-2.063737701973877847e-05,2.306765381945297122e-04
7.521293446188792586e-05,2.587394374131690711e-05,2.779574133455753326e-04
8.701168553670868278e-05,2.665126885403878987e-05,2.802722156047821045e-04
1.057535337167792022e-04,2.603748725960031152e-05,2.833520411513745785e-04
1.292541564907878637e-04,1.538332799100317061e-05,2.828151336871087551e-04
1.539127551950514317e-04,-5.271159352560061961e-06,2.785522956401109695e-04
1.763967738952487707e-04,-3.072429535677656531e-05,2.724539954215288162e-04
1.943185488926246762e-04,-5.480786057887598872e-05,2.662809565663337708e-04
2.070837072096765041e-04,-7.384138734778389335e-05,2.609983203001320362e-04
2.148876810679212213e-04,-8.632922254037111998e-05,2.569689240772277117e-04
2.186766359955072403e-04,-9.282439714297652245e-05,2.541053108870983124e-04
2.194114786107093096e-04,-9.452985977986827493e-05,2.522240683902055025e-04
2.179109142161905766e-04,-9.272449096897616982e-05,2.511519996915012598e-04
2.147797349607571959e-04,-8.847209392115473747e-05,2.508058387320488691e-04
2.102041325997561216e-04,-8.220882591558620334e-05,2.513506915420293808e-04
2.041390107478946447e-04,-7.406568329315632582e-05,2.533626393415033817e-04
1.960806112037971616e-04,-6.341613334370777011e-05,2.585163456387817860e-04
1.884838711703196168e-04,-5.369102655095048249e-05,2.726616221480071545e-04
5.667261575581505895e-05,1.593007982592098415e-05,1.883279765024781227e-04
7.497922342736274004e-05,2.240338108094874769e-05,2.229676611023023725e-04
1.008561739581637084e-04,2.378938370384275913e-05,2.503085415810346603e-04
1.298412680625915527e-04,1.213259383803233504e-05,2.642684848979115486e-04
1.575317292008548975e-04,-1.023770983010763302e-05,2.683216589502990246e-04
1.804627681849524379e-04,-3.611801366787403822e-05,2.671734255272895098e-04
1.976357016246765852e-04,-5.959520785836502910e-05,2.642951731104403734e-04
2.090949128614738584e-04,-7.725702016614377499e-05,2.614370023366063833e-04
2.159331779694184661e-04,-8.870073361322283745e-05,2.590908261481672525e-04
2.192470419686287642e-04,-9.475872502662241459e-05,2.574319660197943449e-04
2.200988819822669029e-04,-9.681761730462312698e-05,2.564058231655508280e-04
2.194369299104437232e-04,-9.643033263273537159e-05,2.559965942054986954e-04
2.179899165639653802e-04,-9.487837087363004684e-05,2.563081798143684864e-04
2.165562182199209929e-04,-9.361602860735729337e-05,2.576361584942787886e-04
2.160632866434752941e-04,-9.442309237783774734e-05,2.606339403428137302e-04
2.191264065913856030e-04,-1.024722223519347608e-04,2.665677748154848814e-04
2.345268439967185259e-04,-1.362045295536518097e-04,2.750783751253038645e-04
2.300393243785947561e-04,-1.569481391925364733e-04,2.258288732264190912e-04
2.140469878213480115e-04,-1.276766706723719835e-04,2.225443604402244091e-04
1.993603946175426245e-04,-1.044012751663103700e-04,2.235293213743716478e-04
1.900421630125492811e-04,-9.073882392840459943e-05,2.257004234706982970e-04
1.850124972406774759e-04,-8.364811947103589773e-05,2.277696621604263783e-04
1.823323400458320975e-04,-7.996287604328244925e-05,2.296754537383094430e-04
1.806153741199523211e-04,-7.765898044453933835e-05,2.317493490409106016e-04
1.789033849490806460e-04,-7.539629586972296238e-05,2.344417443964630365e-04
1.762089668773114681e-04,-7.179196836659684777e-05,2.384591934969648719e-04
1.719344436423853040e-04,-6.595862942049279809e-05,2.445827121846377850e-04
1.652764476602897048e-04,-5.658343434333801270e-05,2.543358132243156433e-04
1.562590332468971610e-04,-4.318192441132850945e-05,2.694451832212507725e-04
1.456637401133775711e-04,-2.548568227211944759e-05,2.945911255665123463e-04
1.357244182145223022e-04,-4.053948941873386502e-06,3.368788748048245907e-04
1.321261224802583456e-04,1.768120273482054472e-05,4.100397345609962940e-04
1.388616219628602266e-04,4.193316271994262934e-05,5.358441267162561417e-04
1.521347585367038846e-04,7.916867616586387157e-05,7.173201884143054485e-04
2.158596616936847568e-04,-1.372361439280211926e-04,2.391610905760899186e-04
2.094334049616008997e-04,-1.234625524375587702e-04,2.321967331226915121e-04
2.000310341827571392e-04,-1.070073558366857469e-04,2.294024889124557376e-04
1.919091446325182915e-04,-9.410121856490150094e-05,2.286955714225769043e-04
1.863937941379845142e-04,-8.582891314290463924e-05,2.288741670781746507e-04
1.829284738050773740e-04,-8.082043495960533619e-05,2.294330333825200796e-04
1.806180662242695689e-04,-7.759705476928502321e-05,2.304148219991475344e-04
1.785880886018276215e-04,-7.486909453291445971e-05,2.321148785995319486e-04
1.762974279699847102e-04,-7.186159200500696898e-05,2.350298891542479396e-04
1.729502400849014521e-04,-6.742756522726267576e-05,2.400214871158823371e-04
1.683487644186243415e-04,-6.115850555943325162e-05,2.482141426298767328e-04
1.616807712707668543e-04,-5.138821143191307783e-05,2.621186431497335434e-04
1.536374620627611876e-04,-3.772986019612289965e-05,2.849479496944695711e-04
1.455353340134024620e-04,-1.800259269657544792e-05,3.274789196439087391e-04
1.413378486176952720e-04,1.021390380628872663e-05,4.078479832969605923e-04
1.494245079811662436e-04,4.538287976174615324e-05,5.556700052693486214e-04
1.685754104983061552e-04,1.006565871648490429e-04,7.997360080480575562e-04
2.027175505645573139e-04,-1.165104113169945776e-04,2.471872139722108841e-04
2.013142511714249849e-04,-1.120971865020692348e-04,2.399554068688303232e-04
1.961994857992976904e-04,-1.024152370519004762e-04,2.354524913243949413e-04
1.905116223497316241e-04,-9.284030966227874160e-05,2.328520349692553282e-04
1.856966409832239151e-04,-8.529567276127636433e-05,2.314169541932642460e-04
1.820646575652062893e-04,-7.989119330886751413e-05,2.307019312866032124e-04
1.792666444089263678e-04,-7.589801680296659470e-05,2.305333182448521256e-04
1.768994552548974752e-04,-7.266027387231588364e-05,2.310603449586778879e-04
1.745195768307894468e-04,-6.950364331714808941e-05,2.326088142581284046e-04
1.719927968224510550e-04,-6.622854562010616064e-05,2.358496712986379862e-04
1.687403128016740084e-04,-6.195551395649090409e-05,2.418675285298377275e-04
1.651202474022284150e-04,-5.689971294486895204e-05,2.524297742638736963e-04
1.599960087332874537e-04,-4.848567550652660429e-05,2.715495065785944462e-04
1.551548048155382276e-04,-3.658894274849444628e-05,3.052657120861113071e-04
1.521084195701405406e-04,-1.222716946358559653e-05,3.801813581958413124e-04
1.594767527421936393e-04,3.770686453208327293e-05,5.486857844516634941e-04
1.834869908634573221e-04,1.158729282906278968e-04,8.576647378504276276e-04
1.933274616021662951e-04,-1.011028216453269124e-04,2.505687880329787731e-04
1.938416680786758661e-04,-1.007702376227825880e-04,2.451630716677755117e-04
1.914892200147733092e-04,-9.594909352017566562e-05,2.407149586360901594e-04
1.878015464171767235e-04,-8.954746590461581945e-05,2.374821633566170931e-04
1.838911703089252114e-04,-8.331639401149004698e-05,2.351949806325137615e-04
1.802184706320986152e-04,-7.780712621752172709e-05,2.335543977096676826e-04
1.768662623362615705e-04,-7.300879951799288392e-05,2.324254019185900688e-04
1.737593993311747909e-04,-6.872357334941625595e-05,2.317681210115551949e-04
1.708462077658623457e-04,-6.482604658231139183e-05,2.318649931112304330e-04
1.680827554082497954e-04,-6.120583566371351480e-05,2.330593415535986423e-04
1.656486856518313289e-04,-5.807784327771514654e-05,2.363094536121934652e-04
1.633733627386391163e-04,-5.504428918357007205e-05,2.427844592602923512e-04
1.621853734832257032e-04,-5.307536048348993063e-05,2.553028170950710773e-04
1.604910648893564939e-04,-4.870267730439081788e-05,2.793337625917047262e-04
1.623705757083371282e-04,-4.418547541717998683e-05,3.266156418249011040e-04
1.678412663750350475e-04,-7.668551916140131652e-06,4.674337687902152538e-04
1.994919148273766041e-04,1.111457022489048541e-04,8.689564419910311699e-04
1.881765056168660522e-04,-9.239023347618058324e-05,2.505101729184389114e-04
1.895027526188641787e-04,-9.394354128744453192e-05,2.478732494637370110e-04
1.886268437374383211e-04,-9.200209751725196838e-05,2.450570464134216309e-04
1.860143238445743918e-04,-8.756885654293000698e-05,2.424994891043752432e-04
1.823985949158668518e-04,-8.190744847524911165e-05,2.402715326752513647e-04
1.782925828592851758e-04,-7.580596138723194599e-05,2.383038081461563706e-04
1.740331208566203713e-04,-6.972631672397255898e-05,2.365013933740556240e-04
1.697383559076115489e-04,-6.380465492838993669e-05,2.349185524508357048e-04
1.656077365623787045e-04,-5.828332359669730067e-05,2.335730823688209057e-04
1.616844674572348595e-04,-5.317863906384445727e-05,2.328741829842329025e-04
1.583645207574591041e-04,-4.894239100394770503e-05,2.330406859982758760e-04
1.558953226776793599e-04,-4.576570790959522128e-05,2.353552699787542224e-04
1.550069428049027920e-04,-4.443303987500257790e-05,2.405109989922493696e-04
1.568980660522356629e-04,-4.625922156265005469e-05,2.529227058403193951e-04
1.613010535947978497e-04,-5.055790825281292200e-05,2.766841789707541466e-04
1.761011517373844981e-04,-6.832803774159401655e-05,3.377789980731904507e-04
1.929786812979727983e-04,-2.281798515468835831e-06,6.091161048971116543e-04
7.185799404396675527e-06,-2.271043485961854458e-04,-3.371727070771157742e-04
-5.015145507059060037e-05,-5.462049375637434423e-05,-1.212534261867403984e-04
-1.646288365009240806e-05,-7.964616088429465890e-05,-2.430317836115136743e-04
1.845245133154094219e-04,-1.552641479065641761e-04,1.119984299293719232e-04
1.058202105923555791e-04,-7.179458771133795381e-05,3.114253340754657984e-04
1.749853545334190130e-04,-2.806122211040928960e-05,-1.716920814942568541e-04
1.604676799615845084e-04,-2.324928354937583208e-04,2.569796051830053329e-04
7.177933002822101116e-05,-3.218985511921346188e-06,-1.398697495460510254e-04
4.854293365497142076e-05,1.369080127915367484e-04,5.997594562359154224e-04
1.212942734127864242e-04,-1.574327179696410894e-04,5.253637209534645081e-04
4.545629053609445691e-05,4.137710493523627520e-05,2.007940784096717834e-04
9.083111945074051619e-05,7.271388312801718712e-05,4.429304972290992737e-04
1.571625325595960021e-04,-2.363536623306572437e-04,2.750392013695091009e-04
1.579936069902032614e-04,-2.441863762214779854e-05,6.692338502034544945e-04
8.271310070995241404e-05,-6.777407543268054724e-05,2.137271803803741932e-04
2.569961070548743010e-04,-1.004893492790870368e-04,3.135199658572673798e-04
7.162734982557594776e-05,-2.808999852277338505e-06,-1.384171919198706746e-04
1.621982810320332646e-04,-2.361816586926579475e-04,2.555598621256649494e-04
1.746159978210926056e-04,-2.756972389761358500e-05,-1.716129481792449951e-04
1.052501611411571503e-04,-7.186906441347673535e-05,3.086209180764853954e-04
1.563707337481901050e-04,-2.326784597244113684e-04,2.731144195422530174e-04
1.583204721100628376e-04,-2.451413092785514891e-05,6.649944116361439228e-04
8.201278978958725929e-05,-6.756313814548775554e-05,2.112998481607064605e-04
2.569067873992025852e-04,-1.005465674097649753e-04,3.099982277490198612e-04
4.809498932445421815e-05,1.365569769404828548e-04,6.019416032359004021e-04
1.222825085278600454e-04,-1.635209773667156696e-04,5.313769215717911720e-04
4.503338277572765946e-05,4.189633182249963284e-05,2.011882024817168713e-04
9.072044485947117209e-05,7.194075442384928465e-05,4.420226323418319225e-04
1.899216877063736320e-04,-1.623361313249915838e-04,1.111642341129481792e-04
-1.649191472097299993e-05,-7.714790990576148033e-05,-2.391126472502946854e-04
-4.883754809270612895e-05,-5.187767601455561817e-05,-1.158453524112701416e-04
6.668124115094542503e-06,-2.233827981399372220e-04,-3.333264903631061316e-04
